﻿Location name,Amount spent (USD)
Alabama,31390913
Alaska,11777875
American Samoa,14563
Arizona,127407909
Arkansas,20338033
California,359146819
Colorado,67637269
Connecticut,25997091
Delaware,8688459
Florida,239972228
Georgia,136251044
Guam,451433
Hawaii,9036721
Idaho,12712073
Illinois,110795406
Indiana,42819346
Iowa,42365504
Kansas,22949970
Kentucky,37173226
Louisiana,33339709
Maine,26987753
Maryland,47869724
Massachusetts,52722124
Michigan,142911731
Minnesota,58883773
Mississippi,18599041
Missouri,43662000
Montana,16964900
Nebraska,13680806
Nevada,47797620
New Hampshire,22136119
New Jersey,72197918
New Mexico,20307504
New York,178234038
North Carolina,126826494
North Dakota,4609086
Northern Mariana Islands,11418
Ohio,98744908
Oklahoma,27425845
Oregon,41893261
Pennsylvania,172492445
Puerto Rico,1780870
Rhode Island,7610304
South Carolina,43912629
South Dakota,6143936
Tennessee,43938873
Texas,230128717
Unknown,522782058
Utah,22342890
Vermont,5991982
Virgin Islands (U.S.),58582
Virginia,84180771
Washington,59187638
"Washington, District of Columbia",16198663
West Virginia,18144284
Wisconsin,85873661
Wyoming,5019429